time,open,high,low,close
2020-11-18T11:00:00Z,6355.86,6389.02,6354.83,6374.63
2020-11-18T12:00:00Z,6374.74,6395.91,6374.74,6392.43
2020-11-18T13:00:00Z,6392.44,6393.59,6381.08,6392.2
2020-11-18T14:00:00Z,6392.16,6394.82,6384.06,6391.62
2020-11-18T15:00:00Z,6392.4,6395.75,6379.42,6379.45
2020-11-18T16:00:00Z,6379.37,6392.09,6379.16,6389.09
2020-11-19T08:00:00Z,6385.24,6385.24,6319.4,6321.03
2020-11-19T09:00:00Z,6321.02,6336.27,6314.26,6328.64
2020-11-19T10:00:00Z,6328.63,6331.19,6317,6318.27
2020-11-19T11:00:00Z,6318.31,6335.34,6318.21,6334.04
2020-11-19T12:00:00Z,6334.05,6346.38,6333.69,6344.26
2020-11-19T13:00:00Z,6344.28,6346.21,6338.3,6340.2
2020-11-19T14:00:00Z,6340.18,6340.94,6316.06,6336.71
2020-11-19T15:00:00Z,6336.75,6336.75,6316.65,6323.69
2020-11-19T16:00:00Z,6323.67,6340.58,6323.13,6333.61
2020-11-20T08:00:00Z,6334.35,6357.62,6324.6,6349.72
2020-11-20T09:00:00Z,6349.75,6372.08,6342.61,6365.7
2020-11-20T10:00:00Z,6365.68,6386.7,6364.87,6377.58
2020-11-20T11:00:00Z,6377.55,6380.22,6363.09,6374
2020-11-20T12:00:00Z,6374.06,6374.06,6357.96,6361.78
2020-11-20T13:00:00Z,6361.8,6366.38,6354.54,6359.93
2020-11-20T14:00:00Z,6359.92,6361.68,6346.73,6349.9
2020-11-20T15:00:00Z,6349.82,6351.69,6332.61,6339.76
2020-11-20T16:00:00Z,6339.77,6351.63,6339.58,6346.74
2020-11-23T08:00:00Z,6351.45,6392.08,6351.45,6377.03
2020-11-23T09:00:00Z,6377.07,6381.66,6362.79,6371.54
2020-11-23T10:00:00Z,6371.53,6376.63,6366.38,6373.82
2020-11-23T11:00:00Z,6373.79,6374.87,6354.08,6354.38
2020-11-23T12:00:00Z,6354.36,6356.24,6345.03,6350.11
2020-11-23T13:00:00Z,6350.1,6351.36,6325.24,6332.94
2020-11-23T14:00:00Z,6332.98,6349.8,6330.14,6341.69
2020-11-23T15:00:00Z,6341.71,6357.23,6334.24,6356.98
2020-11-23T16:00:00Z,6356.93,6359.18,6342.56,6347.74
2020-11-24T08:00:00Z,6333.84,6394.15,6333.72,6373.75
2020-11-24T09:00:00Z,6373.69,6393.45,6371.55,6390.93
2020-11-24T10:00:00Z,6390.92,6401.11,6385.22,6398.68
2020-11-24T11:00:00Z,6398.59,6411,6397.58,6405.6
2020-11-24T12:00:00Z,6405.45,6412.75,6388.15,6411
2020-11-24T13:00:00Z,6411.02,6416.32,6407.81,6413.52
2020-11-24T14:00:00Z,6413.34,6424.51,6411.09,6424.47
2020-11-24T15:00:00Z,6424.42,6426.37,6409.75,6414.47
2020-11-24T16:00:00Z,6414.42,6432.42,6413.32,6424.42
2020-11-25T08:00:00Z,6432.17,6468.73,6432.17,6440.32
2020-11-25T09:00:00Z,6440.31,6442.67,6402.99,6406.45
2020-11-25T10:00:00Z,6406.43,6414.14,6394.41,6397.92
2020-11-25T11:00:00Z,6397.94,6401.54,6390.18,6390.81
2020-11-25T12:00:00Z,6391.11,6399.21,6387.59,6391.69
2020-11-25T13:00:00Z,6391.74,6400.22,6390.83,6396.79
2020-11-25T14:00:00Z,6396.81,6404.18,6379.19,6380.7
2020-11-25T15:00:00Z,6380.77,6395.33,6375.25,6380.55
2020-11-25T16:00:00Z,6380.5,6389.64,6380.11,6387.14
2020-11-26T08:00:00Z,6391.09,6412.65,6361.59,6363.35
2020-11-26T09:00:00Z,6363.36,6374.02,6355.48,6358.77
2020-11-26T10:00:00Z,6358.74,6362.65,6349.53,6352.66
2020-11-26T11:00:00Z,6352.61,6363.03,6351.36,6357.86
2020-11-26T12:00:00Z,6357.84,6360.56,6351.27,6356.05
2020-11-26T13:00:00Z,6356.15,6371.25,6355.4,6365.3
2020-11-26T14:00:00Z,6365.27,6375.33,6362.11,6363.65
2020-11-26T15:00:00Z,6363.69,6367.26,6356.16,6359
2020-11-26T16:00:00Z,6359.06,6367.08,6358.41,6363.06
2020-11-27T08:00:00Z,6362.93,6362.93,6302.22,6324.07
2020-11-27T09:00:00Z,6324.1,6337.41,6311,6314.22
2020-11-27T10:00:00Z,6314.2,6334.26,6309.13,6333.37
2020-11-27T11:00:00Z,6333.35,6347.36,6332.08,6340.46
2020-11-27T12:00:00Z,6340.47,6341.24,6329.99,6333.39
2020-11-27T13:00:00Z,6333.56,6337.44,6327.41,6334.69
2020-11-27T14:00:00Z,6334.71,6371.81,6333.17,6368.79
2020-11-27T15:00:00Z,6368.75,6375.91,6357.2,6360.52
2020-11-27T16:00:00Z,6360.5,6373.96,6354.86,6373.84
2020-11-30T08:00:00Z,6367.58,6391.25,6337.86,6383.87
2020-11-30T09:00:00Z,6383.9,6404.02,6378.87,6387.15
2020-11-30T10:00:00Z,6387.16,6391.85,6379.63,6381.31
2020-11-30T11:00:00Z,6381.32,6382.08,6350.18,6359.66
2020-11-30T12:00:00Z,6359.67,6383.27,6358.04,6369.63
2020-11-30T13:00:00Z,6369.54,6370.96,6358.7,6368.3
2020-11-30T14:00:00Z,6368.26,6368.37,6341.34,6348.75
2020-11-30T15:00:00Z,6348.99,6351.14,6326.51,6337.68
2020-11-30T16:00:00Z,6337.66,6339.62,6298.31,6298.31
2020-12-01T08:00:00Z,6266.19,6360.69,6263.6,6358.35
2020-12-01T09:00:00Z,6358.34,6381.68,6357.16,6374.37
2020-12-01T10:00:00Z,6374.38,6390.38,6374.14,6390.02
2020-12-01T11:00:00Z,6390.21,6397.61,6384.5,6390.97
2020-12-01T12:00:00Z,6391.13,6394.11,6380.25,6382.87
2020-12-01T13:00:00Z,6382.88,6385.98,6370.61,6377.48
2020-12-01T14:00:00Z,6377.59,6395.49,6371.97,6391.31
2020-12-01T15:00:00Z,6391.53,6400.24,6373.66,6388.41
2020-12-01T16:00:00Z,6388.39,6393.24,6373.44,6392.46
2020-12-02T08:00:00Z,6384.73,6396.33,6367.51,6395.79
2020-12-02T09:00:00Z,6395.78,6402.37,6386.07,6396.83
2020-12-02T10:00:00Z,6396.85,6401.23,6387.49,6400.24
2020-12-02T11:00:00Z,6400.29,6402.07,6382.42,6397.18
2020-12-02T12:00:00Z,6397.14,6412.86,6392.55,6392.83
2020-12-02T13:00:00Z,6392.9,6418.18,6391.21,6413.88
2020-12-02T14:00:00Z,6413.92,6450.28,6412.34,6447.73
2020-12-02T15:00:00Z,6447.85,6456.62,6443.33,6456.13
2020-12-02T16:00:00Z,6456.24,6468.64,6455.48,6459.62
2020-12-03T08:00:00Z,6463.39,6479.36,6458.54,6467.1
2020-12-03T09:00:00Z,6467.04,6472.72,6430.27,6440.73
2020-12-03T10:00:00Z,6440.79,6459.7,6440.73,6457.78
2020-12-03T11:00:00Z,6457.73,6472.67,6457.69,6470.16
2020-12-03T12:00:00Z,6470.28,6473.61,6458.59,6473.61
2020-12-03T13:00:00Z,6473.58,6486.84,6461.93,6467.31
2020-12-03T14:00:00Z,6467.36,6476.46,6452.34,6476.27
2020-12-03T15:00:00Z,6476.32,6487.07,6470.7,6485.41
2020-12-03T16:00:00Z,6485.29,6491.49,6480.58,6487.62
2020-12-04T08:00:00Z,6490.27,6538.96,6489.75,6534.36
2020-12-04T09:00:00Z,6534.18,6547.97,6531.97,6536.89
2020-12-04T10:00:00Z,6536.91,6552.97,6529.27,6546.89
2020-12-04T11:00:00Z,6547,6556.3,6540.66,6551.72
2020-12-04T12:00:00Z,6551.67,6551.67,6539.49,6539.63
2020-12-04T13:00:00Z,6539.66,6542.79,6522.6,6522.86
2020-12-04T14:00:00Z,6522.73,6551.82,6522.6,6551.18
2020-12-04T15:00:00Z,6551.12,6559.18,6545.32,6549.57
2020-12-04T16:00:00Z,6549.55,6553.26,6546.34,6551.73
2020-12-07T08:00:00Z,6550.23,6574.71,6519.82,6541.72
2020-12-07T09:00:00Z,6541.74,6575.58,6540.68,6571.36
2020-12-07T10:00:00Z,6571.35,6577.05,6556.38,6556.38
2020-12-07T11:00:00Z,6556.4,6601.11,6555.98,6595.16
2020-12-07T12:00:00Z,6595.17,6595.17,6568.54,6576.78
2020-12-07T13:00:00Z,6576.79,6578,6550.81,6551
2020-12-07T14:00:00Z,6551.04,6561.35,6539.18,6561.35
2020-12-07T15:00:00Z,6561.43,6565.97,6552.19,6556.44
2020-12-07T16:00:00Z,6556.45,6559.97,6549.22,6559.12
2020-12-08T08:00:00Z,6555.39,6555.39,6518.37,6546.51
2020-12-08T09:00:00Z,6546.52,6555.47,6529.08,6535.43
2020-12-08T10:00:00Z,6535.39,6535.74,6523.83,6527.22
2020-12-08T11:00:00Z,6527.32,6531.37,6518.62,6518.9
2020-12-08T12:00:00Z,6518.91,6535.3,6518.91,6533.43
2020-12-08T13:00:00Z,6533.46,6543.5,6520.39,6528.4
2020-12-08T14:00:00Z,6528.28,6556.2,6518.6,6554.2
2020-12-08T15:00:00Z,6554.89,6565.04,6542.12,6556.45
2020-12-08T16:00:00Z,6556.39,6567.59,6553.4,6563.84
2020-12-09T08:00:00Z,6558.82,6623.03,6558.82,6607.24
2020-12-09T09:00:00Z,6607.16,6609.33,6588.75,6594.87
2020-12-09T10:00:00Z,6594.76,6599.48,6588.35,6591.53
2020-12-09T11:00:00Z,6591.56,6592.57,6579.47,6580.2
2020-12-09T12:00:00Z,6580.24,6580.84,6570.24,6576.71
2020-12-09T13:00:00Z,6576.76,6590.48,6574.26,6588.47
2020-12-09T14:00:00Z,6588.48,6591.36,6573.45,6579.14
2020-12-09T15:00:00Z,6578.99,6591.27,6569.97,6571.84
2020-12-09T16:00:00Z,6571.86,6580.81,6568.44,6575.67
2020-12-10T08:00:00Z,6564.29,6602.2,6564.07,6588.22
2020-12-10T09:00:00Z,6588.24,6607.56,6587.65,6594.45
2020-12-10T10:00:00Z,6594.44,6608.19,6589.45,6596.23
2020-12-10T11:00:00Z,6596.21,6631.17,6587.86,6630.92
2020-12-10T12:00:00Z,6630.88,6630.88,6583.09,6592.21
2020-12-10T13:00:00Z,6592.22,6607.41,6568.2,6577.34
2020-12-10T14:00:00Z,6577.36,6610.05,6561.11,6607.95
2020-12-10T15:00:00Z,6607.98,6621.78,6603.09,6621.72
2020-12-10T16:00:00Z,6621.73,6640.74,6611.13,6611.24
2020-12-11T08:00:00Z,6599.76,6607.44,6535.35,6543.14
2020-12-11T09:00:00Z,6543.15,6570.79,6543.15,6547.84
2020-12-11T10:00:00Z,6547.85,6570.06,6538.18,6539.14
2020-12-11T11:00:00Z,6539.09,6541.99,6520.54,6538.15
2020-12-11T12:00:00Z,6538.16,6551.06,6525.74,6550.81
2020-12-11T13:00:00Z,6550.85,6564.71,6550.85,6559.44
2020-12-11T14:00:00Z,6559.45,6565.25,6553.36,6560.1
2020-12-11T15:00:00Z,6560.09,6568.87,6553.21,6559.15
2020-12-11T16:00:00Z,6559.13,6566.09,6548.65,6551.42
2020-12-14T08:00:00Z,6546.75,6572.01,6524.7,6564.68
2020-12-14T09:00:00Z,6564.71,6573.18,6550.47,6567.14
2020-12-14T10:00:00Z,6567.1,6579.94,6562.74,6566.8
2020-12-14T11:00:00Z,6566.81,6583.02,6560.91,6582.89
2020-12-14T12:00:00Z,6582.97,6583.7,6560.39,6567.17
2020-12-14T13:00:00Z,6567.53,6572.99,6547.73,6558.58
2020-12-14T14:00:00Z,6558.52,6559.38,6534.41,6542.87
2020-12-14T15:00:00Z,6542.82,6565.92,6536.39,6548.64
2020-12-14T16:00:00Z,6548.62,6548.7,6539.98,6539.98
2020-12-15T08:00:00Z,6531.83,6556.53,6502.09,6554.61
2020-12-15T09:00:00Z,6554.65,6558.24,6539.29,6542.37
2020-12-15T10:00:00Z,6542.35,6545.64,6531.42,6535.16
2020-12-15T11:00:00Z,6535.17,6535.93,6504.22,6507.71
2020-12-15T12:00:00Z,6507.59,6516.27,6487.49,6489.26
2020-12-15T13:00:00Z,6489.29,6512.18,6484.04,6504.9
2020-12-15T14:00:00Z,6504.88,6510.83,6493.03,6495.28
2020-12-15T15:00:00Z,6495.3,6512.44,6495.3,6509.97
2020-12-15T16:00:00Z,6510.01,6521.82,6496.57,6521.74
2020-12-16T08:00:00Z,6513.32,6598.42,6513.32,6593.48
2020-12-16T09:00:00Z,6593.52,6596.65,6578.96,6581.96
2020-12-16T10:00:00Z,6582.07,6584.4,6569.76,6583.67
2020-12-16T11:00:00Z,6583.66,6592.55,6571.05,6578.42
2020-12-16T12:00:00Z,6578.4,6578.48,6564.73,6564.77
2020-12-16T13:00:00Z,6564.86,6565.01,6546.32,6549.53
2020-12-16T14:00:00Z,6549.58,6559.76,6541.52,6559.6
2020-12-16T15:00:00Z,6559.62,6560.68,6546.75,6556.27
2020-12-16T16:00:00Z,6556.3,6570.12,6555.3,6569.43
2020-12-17T08:00:00Z,6570.91,6601.63,6569.62,6577.5
2020-12-17T09:00:00Z,6577.43,6584.74,6566.64,6566.75
2020-12-17T10:00:00Z,6566.81,6570.63,6559.55,6560.67
2020-12-17T11:00:00Z,6560.64,6576.41,6559.06,6576.41
2020-12-17T12:00:00Z,6576.44,6588.69,6567.31,6586.54
2020-12-17T13:00:00Z,6586.46,6586.46,6563.39,6564.53
2020-12-17T14:00:00Z,6564.62,6575.63,6562.61,6570.92
2020-12-17T15:00:00Z,6571.02,6578.09,6555.83,6559.01
2020-12-17T16:00:00Z,6558.96,6562.82,6552.58,6555.01
2020-12-18T08:00:00Z,6551.06,6589.33,6542.67,6586.48
2020-12-18T09:00:00Z,6586.45,6600.65,6579.6,6594.56
2020-12-18T10:00:00Z,6594.6,6604.54,6541.45,6575.59
2020-12-18T11:00:00Z,6575.66,6576.52,6555.63,6560.27
2020-12-18T12:00:00Z,6560.26,6573.06,6557.07,6557.2
2020-12-18T13:00:00Z,6557.19,6565.95,6549.94,6556.52
2020-12-18T14:00:00Z,6556.49,6559.59,6541.44,6544.97
2020-12-18T15:00:00Z,6544.89,6549.89,6533.53,6533.53
2020-12-18T16:00:00Z,6533.54,6537.11,6518.25,6520.24
2020-12-21T08:00:00Z,6529.18,6529.18,6388.89,6463.25
2020-12-21T09:00:00Z,6463.21,6463.61,6401.91,6405.68
2020-12-21T10:00:00Z,6405.67,6405.7,6315.34,6332.19
2020-12-21T11:00:00Z,6332.28,6388.03,6328.79,6377.91
2020-12-21T12:00:00Z,6377.93,6412.36,6375.64,6379.77
2020-12-21T13:00:00Z,6379.81,6379.82,6349.8,6359.17
2020-12-21T14:00:00Z,6359.38,6401.19,6351.86,6385.89
2020-12-21T15:00:00Z,6385.91,6419.57,6365.83,6413.38
2020-12-21T16:00:00Z,6413.34,6428.21,6410.51,6414.99
2020-12-22T08:00:00Z,6416.32,6445.01,6382.61,6441.56
2020-12-22T09:00:00Z,6441.52,6457.4,6426.89,6427.61
2020-12-22T10:00:00Z,6427.64,6438.81,6413.5,6415.31
2020-12-22T11:00:00Z,6415.34,6440.29,6414.77,6434.85
2020-12-22T12:00:00Z,6434.78,6443.19,6430.87,6440.31
2020-12-22T13:00:00Z,6440.33,6450.93,6439.36,6442.35
2020-12-22T14:00:00Z,6442.34,6442.95,6427.07,6438.5
2020-12-22T15:00:00Z,6437.98,6455.53,6432.85,6454.61
2020-12-22T16:00:00Z,6454.66,6457.47,6448.81,6456.53
2020-12-23T08:00:00Z,6453.16,6454.44,6431.21,6444.64
2020-12-23T09:00:00Z,6444.46,6454.34,6435.4,6452.41
2020-12-23T10:00:00Z,6452.47,6453.07,6437.74,6446.41
2020-12-23T11:00:00Z,6446.4,6455.52,6431.23,6455.52
2020-12-23T12:00:00Z,6455.53,6455.53,6446.6,6448.84
2020-12-23T13:00:00Z,6448.83,6457.68,6447.2,6454.23
2020-12-23T14:00:00Z,6454.19,6487.06,6451.03,6477.36
2020-12-23T15:00:00Z,6477.08,6485.37,6465.59,6477.93
2020-12-23T16:00:00Z,6477.91,6497.28,6474.4,6493.48
2020-12-24T08:00:00Z,6495.75,6530.28,6493.73,6500.47
2020-12-24T09:00:00Z,6500.48,6508.89,6486.22,6503.47
2020-12-24T10:00:00Z,6503.46,6510.76,6482.31,6483.77
2020-12-24T11:00:00Z,6483.76,6499.46,6479.59,6499.37
2020-12-24T12:00:00Z,6499.39,6508.93,6493.02,6501.72
2020-12-29T08:00:00Z,6502.11,6630.79,6502.11,6627.94
2020-12-29T09:00:00Z,6627.99,6676.6,6627.31,6667.24
2020-12-29T10:00:00Z,6667.19,6671.49,6640.09,6648.93
2020-12-29T11:00:00Z,6649.02,6649.12,6638.68,6643.94
2020-12-29T12:00:00Z,6643.9,6644.08,6628.81,6630.23
2020-12-29T13:00:00Z,6630.32,6642.19,6629.26,6640.38
2020-12-29T14:00:00Z,6640.52,6644.51,6618.65,6621.58
2020-12-29T15:00:00Z,6621.48,6631.46,6618.2,6624.03
2020-12-29T16:00:00Z,6624.07,6624.85,6606.53,6608.65
2020-12-30T08:00:00Z,6602.65,6622.98,6599,6608.87
2020-12-30T09:00:00Z,6608.75,6621.13,6598.49,6618.56
2020-12-30T10:00:00Z,6618.55,6622.37,6606.76,6609.2
2020-12-30T11:00:00Z,6609.17,6618.84,6600.91,6602.33
2020-12-30T12:00:00Z,6602.25,6606.42,6598.3,6602.03
2020-12-30T13:00:00Z,6602,6609.32,6576.78,6578.67
2020-12-30T14:00:00Z,6578.74,6592.46,6571.57,6575.45
2020-12-30T15:00:00Z,6575.48,6577.78,6560.73,6570.91
2020-12-30T16:00:00Z,6570.89,6577.43,6552.46,6552.59
2020-12-31T08:00:00Z,6555.82,6555.82,6447.44,6448.6
2020-12-31T09:00:00Z,6448.61,6456.7,6439.41,6454.55
2020-12-31T10:00:00Z,6454.56,6491.51,6453.83,6487.89
2020-12-31T11:00:00Z,6487.68,6507.55,6472.59,6484.59
2020-12-31T12:00:00Z,6484.74,6491.64,6463.87,6471.9
2021-01-04T08:00:00Z,6460.52,6598.1,6460.52,6596.33
2021-01-04T09:00:00Z,6596.3,6662.66,6596.25,6639.5
2021-01-04T10:00:00Z,6639.53,6648.81,6620.78,6627.26
2021-01-04T11:00:00Z,6627.25,6649.45,6626.48,6634.02
2021-01-04T12:00:00Z,6633.79,6639.44,6621.57,6635.91
2021-01-04T13:00:00Z,6635.92,6644.79,6633.27,6640.22
2021-01-04T14:00:00Z,6640.21,6645.9,6627.2,6636.18
2021-01-04T15:00:00Z,6636.24,6643.4,6569.31,6571.86
2021-01-04T16:00:00Z,6571.9,6582.91,6555.49,6579.32
2021-01-05T08:00:00Z,6571.88,6622.77,6544.25,6598.34
2021-01-05T09:00:00Z,6598.24,6610.54,6580.23,6601.91
2021-01-05T10:00:00Z,6601.9,6610.24,6584.27,6585.92
2021-01-05T11:00:00Z,6585.93,6595.42,6562.25,6568.74
2021-01-05T12:00:00Z,6568.76,6573.65,6553.25,6568.39
2021-01-05T13:00:00Z,6568.36,6579.51,6565.81,6566.15
2021-01-05T14:00:00Z,6566.18,6596.12,6561.91,6589.71
2021-01-05T15:00:00Z,6590.36,6598.87,6573.91,6586.35
2021-01-05T16:00:00Z,6586.29,6601.4,6584.8,6599.6
2021-01-06T08:00:00Z,6612.25,6678.47,6611.87,6657.2
2021-01-06T09:00:00Z,6657.15,6703.03,6649.42,6699.06
2021-01-06T10:00:00Z,6698.96,6767.81,6695.98,6767.14
2021-01-06T11:00:00Z,6767.19,6778.85,6754.42,6772.69
2021-01-06T12:00:00Z,6772.56,6810.41,6767.88,6798.68
2021-01-06T13:00:00Z,6798.7,6827.44,6798.01,6827.21
2021-01-06T14:00:00Z,6827.08,6843.02,6793.32,6841.59
2021-01-06T15:00:00Z,6841.67,6859.14,6841.46,6847.36
2021-01-06T16:00:00Z,6847.43,6856.57,6846.44,6853.65
2021-01-07T08:00:00Z,6841.86,6903.61,6822.63,6834.83
2021-01-07T09:00:00Z,6834.88,6836.35,6807.69,6821.25
2021-01-07T10:00:00Z,6821.26,6822.39,6802.68,6802.68
2021-01-07T11:00:00Z,6802.67,6825.37,6795.11,6807.99
2021-01-07T12:00:00Z,6808.06,6815.09,6801.38,6813.88
2021-01-07T13:00:00Z,6813.86,6817.92,6797.06,6808.87
2021-01-07T14:00:00Z,6808.82,6835.84,6808.65,6834.47
2021-01-07T15:00:00Z,6834.45,6869.88,6834.45,6865.66
2021-01-07T16:00:00Z,6865.69,6877.66,6858.09,6874.96
2021-01-08T08:00:00Z,6856.96,6886.34,6856.96,6871.14
2021-01-08T09:00:00Z,6871.1,6871.1,6845.56,6860.02
2021-01-08T10:00:00Z,6860.05,6868.07,6853.48,6856.88
2021-01-08T11:00:00Z,6856.84,6868.4,6851.68,6860.19
2021-01-08T12:00:00Z,6860.18,6863.45,6848.04,6848.22
2021-01-08T13:00:00Z,6848.17,6855.96,6836.08,6836.08
2021-01-08T14:00:00Z,6836.1,6866.56,6836.1,6856.19
2021-01-08T15:00:00Z,6856.24,6872.99,6848.78,6859.58
2021-01-08T16:00:00Z,6859.6,6868.62,6854.27,6867.89
2021-01-11T08:00:00Z,6873.26,6873.26,6837.15,6841.57
2021-01-11T09:00:00Z,6841.58,6849.77,6832.41,6832.52
2021-01-11T10:00:00Z,6832.51,6853.38,6828.4,6850.65
2021-01-11T11:00:00Z,6850.68,6855.7,6838.48,6841.91
2021-01-11T12:00:00Z,6841.97,6843.95,6821.87,6822.07
2021-01-11T13:00:00Z,6822.05,6823.23,6788.39,6790.93
2021-01-11T14:00:00Z,6790.9,6840.43,6768.72,6830.03
2021-01-11T15:00:00Z,6830.13,6832.64,6795.47,6811.89
2021-01-11T16:00:00Z,6811.87,6812.07,6795.89,6804.64
2021-01-12T08:00:00Z,6798.48,6816.65,6781.91,6790.36
2021-01-12T09:00:00Z,6790.3,6795.97,6768.87,6774.06
2021-01-12T10:00:00Z,6774.09,6779.94,6766.82,6768.37
2021-01-12T11:00:00Z,6768.38,6768.86,6749.8,6751.16
2021-01-12T12:00:00Z,6751.13,6759.41,6743.23,6756.33
2021-01-12T13:00:00Z,6756.32,6758.19,6745,6749.45
2021-01-12T14:00:00Z,6749.5,6760.11,6738.21,6754.56
2021-01-12T15:00:00Z,6754.58,6772.35,6751.75,6767.44
2021-01-12T16:00:00Z,6767.52,6770.35,6754.37,6755.46
2021-01-13T08:00:00Z,6754.11,6765.16,6745.21,6755.46
2021-01-13T09:00:00Z,6755.32,6772.57,6751.4,6758.85
2021-01-13T10:00:00Z,6758.76,6768.66,6742.95,6754.99
2021-01-13T11:00:00Z,6754.96,6758.37,6744.01,6744.99
2021-01-13T12:00:00Z,6744.98,6744.98,6736.01,6744.81
2021-01-13T13:00:00Z,6744.77,6749.11,6739.55,6745.05
2021-01-13T14:00:00Z,6745.03,6757.14,6743.98,6752.23
2021-01-13T15:00:00Z,6752.24,6756.83,6741.8,6756.72
2021-01-13T16:00:00Z,6756.71,6757.67,6745.64,6749.45
2021-01-14T08:00:00Z,6745.52,6775.59,6736.78,6768.93
2021-01-14T09:00:00Z,6768.81,6792.56,6762.6,6787.63
2021-01-14T10:00:00Z,6787.62,6792.97,6781.06,6789.25
2021-01-14T11:00:00Z,6789.21,6800.57,6782.09,6798.98
2021-01-14T12:00:00Z,6799.01,6799.46,6774.74,6782.32
2021-01-14T13:00:00Z,6782.33,6786.58,6770.04,6774.54
2021-01-14T14:00:00Z,6774.63,6788.67,6768.95,6787.03
2021-01-14T15:00:00Z,6787.05,6798.31,6785.79,6789.27
2021-01-14T16:00:00Z,6789.25,6798.18,6787.76,6797
2021-01-15T08:00:00Z,6801.96,6802.05,6755.7,6763.1
2021-01-15T09:00:00Z,6763.21,6783.47,6761.35,6783.18
2021-01-15T10:00:00Z,6783.26,6783.27,6750.4,6751.94
2021-01-15T11:00:00Z,6751.88,6755.49,6740.6,6751.07
2021-01-15T12:00:00Z,6751.17,6751.7,6732.05,6738.42
2021-01-15T13:00:00Z,6738.43,6752.49,6736.19,6741.2
2021-01-15T14:00:00Z,6741.27,6749.96,6724.2,6731.84
2021-01-15T15:00:00Z,6731.94,6736.42,6676.55,6718.18
2021-01-15T16:00:00Z,6718.14,6733.35,6712.13,6729.74
2021-01-18T08:00:00Z,6735.71,6739.29,6711.34,6724.57
2021-01-18T09:00:00Z,6724.54,6734.55,6721.4,6722.68
2021-01-18T10:00:00Z,6722.66,6731.5,6721.92,6727.27
2021-01-18T11:00:00Z,6727.32,6741.47,6710.17,6711.37
2021-01-18T12:00:00Z,6711.36,6722.32,6709.33,6719.75
2021-01-18T13:00:00Z,6719.77,6726.06,6717.93,6721.93
2021-01-18T14:00:00Z,6721.94,6723.16,6710.33,6716.89
2021-01-18T15:00:00Z,6716.88,6718.75,6710.53,6714.83
2021-01-18T16:00:00Z,6714.84,6725.24,6714.84,6723.48
2021-01-19T08:00:00Z,6720.65,6770.66,6720.65,6733.75
2021-01-19T09:00:00Z,6733.7,6743.15,6727.26,6739.27
2021-01-19T10:00:00Z,6739.17,6741.44,6727.94,6732.23
2021-01-19T11:00:00Z,6732.19,6744.26,6728.34,6730.41
2021-01-19T12:00:00Z,6730.38,6730.62,6711.38,6729.03
2021-01-19T13:00:00Z,6729,6730.26,6721.15,6729.16
2021-01-19T14:00:00Z,6729.15,6732.9,6697.67,6707.28
2021-01-19T15:00:00Z,6707.29,6733.35,6699.66,6724.21
2021-01-19T16:00:00Z,6724.01,6733.51,6710.95,6712.67
2021-01-20T08:00:00Z,6712.95,6743.01,6697.46,6726.04
2021-01-20T09:00:00Z,6726.03,6730.6,6708.69,6730.39
2021-01-20T10:00:00Z,6730.4,6735.95,6712.59,6719.54
2021-01-20T11:00:00Z,6719.64,6724.39,6707.87,6708.71
2021-01-20T12:00:00Z,6708.61,6713.41,6705.98,6709.86
2021-01-20T13:00:00Z,6710.05,6718.93,6704.58,6716.76
2021-01-20T14:00:00Z,6716.75,6731.04,6714.54,6731
2021-01-20T15:00:00Z,6731.04,6751.81,6730.05,6733.82
2021-01-20T16:00:00Z,6733.78,6735.93,6725.1,6735.92
2021-01-21T08:00:00Z,6740.39,6776.92,6740.11,6740.11
2021-01-21T09:00:00Z,6740.06,6750.05,6728.24,6746.24
2021-01-21T10:00:00Z,6746.18,6749.25,6743.25,6745.12
2021-01-21T11:00:00Z,6745.11,6754.62,6738.24,6754.43
2021-01-21T12:00:00Z,6754.44,6756.94,6745.67,6748.34
2021-01-21T13:00:00Z,6748.3,6754.33,6737.29,6745.61
2021-01-21T14:00:00Z,6745.6,6755.13,6727.58,6728.82
2021-01-21T15:00:00Z,6728.83,6729.72,6718.53,6725.56
2021-01-21T16:00:00Z,6725.49,6727.94,6717.7,6722.8
2021-01-22T08:00:00Z,6715.42,6715.66,6664.73,6685.44
2021-01-22T09:00:00Z,6685.55,6694.51,6665.04,6671.4
2021-01-22T10:00:00Z,6671.39,6682.53,6665.19,6665.2
2021-01-22T11:00:00Z,6665.14,6671.3,6651.71,6665.58
2021-01-22T12:00:00Z,6665.61,6668.56,6655.57,6665.1
2021-01-22T13:00:00Z,6665.03,6675.99,6659.53,6673.54
2021-01-22T14:00:00Z,6673.53,6700.65,6672.7,6693.39
2021-01-22T15:00:00Z,6693.28,6698.32,6682.45,6692.62
2021-01-22T16:00:00Z,6692.59,6695.03,6688.12,6688.45
2021-01-25T08:00:00Z,6695.07,6714.61,6675.13,6685.62
2021-01-25T09:00:00Z,6685.6,6700.26,6681.57,6681.71
2021-01-25T10:00:00Z,6681.68,6682.47,6671.7,6673.45
2021-01-25T11:00:00Z,6673.44,6677.46,6650,6652.44
2021-01-25T12:00:00Z,6652.42,6654.79,6616.44,6625.44
2021-01-25T13:00:00Z,6625.45,6639.11,6610.26,6632.32
2021-01-25T14:00:00Z,6632.01,6634.54,6619.25,6627.9
2021-01-25T15:00:00Z,6627.94,6662.59,6627.69,6628.69
2021-01-25T16:00:00Z,6628.65,6642.49,6610.29,6633.64
2021-01-26T08:00:00Z,6638.85,6680.91,6636.34,6677.75
2021-01-26T09:00:00Z,6677.65,6691.07,6674.88,6675.95
2021-01-26T10:00:00Z,6675.93,6677.69,6664.7,6669.57
2021-01-26T11:00:00Z,6669.65,6697.27,6668.35,6692.21
2021-01-26T12:00:00Z,6692.22,6700.58,6688.09,6699.99
2021-01-26T13:00:00Z,6700.02,6702.35,6686.16,6690.81
2021-01-26T14:00:00Z,6690.83,6692.59,6655.86,6662.74
2021-01-26T15:00:00Z,6663.03,6673.18,6655.09,6657.27
2021-01-26T16:00:00Z,6657.32,6662.96,6649.57,6660.75
2021-01-27T08:00:00Z,6654.01,6660.4,6603.31,6641.68
2021-01-27T09:00:00Z,6641.78,6661.31,6640.94,6645.09
2021-01-27T10:00:00Z,6645.06,6645.06,6619,6620.19
2021-01-27T11:00:00Z,6620.21,6620.22,6585.48,6608.57
2021-01-27T12:00:00Z,6608.54,6608.69,6566.73,6568.39
2021-01-27T13:00:00Z,6568.34,6580.92,6554.26,6558.41
2021-01-27T14:00:00Z,6558.29,6561.06,6505.84,6531.3
2021-01-27T15:00:00Z,6531.34,6573.07,6528.12,6572.11
2021-01-27T16:00:00Z,6572.1,6575.41,6559.29,6571.36
2021-01-28T08:00:00Z,6567.37,6567.37,6458.47,6463.78
2021-01-28T09:00:00Z,6463.76,6482.74,6439.55,6479.14
2021-01-28T10:00:00Z,6479.16,6510.32,6470.26,6493.35
2021-01-28T11:00:00Z,6493.09,6515.91,6486.89,6501.77
2021-01-28T12:00:00Z,6501.75,6525.11,6499,6501.11
2021-01-28T13:00:00Z,6501.06,6531.68,6487.01,6531.45
2021-01-28T14:00:00Z,6531.52,6548.17,6518,6521.43
2021-01-28T15:00:00Z,6521.41,6545.86,6514,6524.22
2021-01-28T16:00:00Z,6524.25,6536.96,6516.88,6526.85
2021-01-29T08:00:00Z,6526.15,6526.15,6401.06,6469.27
2021-01-29T09:00:00Z,6469.35,6484.28,6450.72,6471.34
2021-01-29T10:00:00Z,6471.38,6471.98,6443.83,6457.95
2021-01-29T11:00:00Z,6457.88,6475.29,6454.72,6463.68
2021-01-29T12:00:00Z,6463.7,6467.62,6437.72,6437.78
2021-01-29T13:00:00Z,6437.77,6444.74,6397.24,6433.7
2021-01-29T14:00:00Z,6433.69,6440.57,6409.99,6433.11
2021-01-29T15:00:00Z,6432.99,6461.54,6429.79,6448.43
2021-01-29T16:00:00Z,6448.36,6450.41,6405.45,6409.5
2021-02-01T08:00:00Z,6407.46,6465.05,6407.46,6458.71
2021-02-01T09:00:00Z,6458.63,6467.26,6440.01,6441.96
2021-02-01T10:00:00Z,6441.94,6468.25,6441.82,6456.39
2021-02-01T11:00:00Z,6456.4,6495.56,6456.39,6481.06
2021-02-01T12:00:00Z,6481.05,6490.09,6474.99,6484.07
2021-02-01T13:00:00Z,6484.08,6487.07,6470.31,6477.12
2021-02-01T14:00:00Z,6477.13,6485.83,6454.45,6463.25
2021-02-01T15:00:00Z,6463.23,6471.75,6456.87,6459.23
2021-02-01T16:00:00Z,6459.22,6474.55,6456.14,6466.22
2021-02-02T08:00:00Z,6466.42,6510.19,6466.42,6496.26
2021-02-02T09:00:00Z,6496.32,6523.51,6495.22,6520.46
2021-02-02T10:00:00Z,6520.41,6522.84,6507.33,6513.65
2021-02-02T11:00:00Z,6513.63,6514.61,6483.12,6483.21
2021-02-02T12:00:00Z,6483.27,6499.37,6483.27,6492.9
2021-02-02T13:00:00Z,6492.95,6510.88,6491.02,6507.05
2021-02-02T14:00:00Z,6507.06,6517.96,6501.85,6514.97
2021-02-02T15:00:00Z,6514.95,6520.69,6501.95,6512.68
2021-02-02T16:00:00Z,6512.65,6522.76,6511.3,6516.41
2021-02-03T08:00:00Z,6516.65,6573.1,6516.65,6537.6
2021-02-03T09:00:00Z,6537.95,6538.25,6512.1,6533.79
2021-02-03T10:00:00Z,6533.8,6544.47,6533.55,6536.72
2021-02-03T11:00:00Z,6536.71,6540.45,6521.64,6528.35
2021-02-03T12:00:00Z,6528.22,6532.01,6511.97,6517.12
2021-02-03T13:00:00Z,6517.14,6519.73,6510.23,6518.01
2021-02-03T14:00:00Z,6518.04,6518.86,6497.57,6499.5
2021-02-03T15:00:00Z,6499.55,6514.97,6489.51,6512.95
2021-02-03T16:00:00Z,6512.98,6515.33,6501.29,6502.43
2021-02-04T08:00:00Z,6507.82,6553.37,6507.82,6543.34
2021-02-04T09:00:00Z,6543.42,6549.06,6506.46,6507.24
2021-02-04T10:00:00Z,6507.21,6517.12,6501.67,6516.44
2021-02-04T11:00:00Z,6516.39,6518.71,6496.53,6497.85
2021-02-04T12:00:00Z,6497.88,6499.06,6478.15,6491.84
2021-02-04T13:00:00Z,6491.89,6501.9,6490.01,6492.48
2021-02-04T14:00:00Z,6492.53,6499.93,6485.64,6495.39
2021-02-04T15:00:00Z,6495.29,6507.1,6482.04,6494.47
2021-02-04T16:00:00Z,6494.44,6502.05,6491.69,6501.18
2021-02-05T08:00:00Z,6503.72,6516.2,6495.4,6508.14
2021-02-05T09:00:00Z,6508.22,6515.5,6504.35,6511.26
2021-02-05T10:00:00Z,6511.25,6518.2,6507.69,6510.67
2021-02-05T11:00:00Z,6510.61,6518.65,6502.69,6507.06
2021-02-05T12:00:00Z,6507.05,6515.98,6505.06,6512.94
2021-02-05T13:00:00Z,6512.95,6513.1,6496.18,6496.36
2021-02-05T14:00:00Z,6496.34,6509.32,6486.19,6487.12
2021-02-05T15:00:00Z,6487.14,6509.03,6457.6,6506.59
2021-02-05T16:00:00Z,6506.72,6510.52,6491.38,6495.87
2021-02-08T08:00:00Z,6489.33,6526.43,6489.33,6509.11
2021-02-08T09:00:00Z,6509.12,6539.88,6508.5,6535.69
2021-02-08T10:00:00Z,6535.67,6543.27,6532.89,6541.77
2021-02-08T11:00:00Z,6541.76,6567.7,6541.33,6565.83
2021-02-08T12:00:00Z,6565.79,6566.24,6553.03,6559.02
2021-02-08T13:00:00Z,6559.1,6564.38,6555.99,6558.56
2021-02-08T14:00:00Z,6558.64,6560.21,6548.16,6551.08
2021-02-08T15:00:00Z,6551.09,6555.99,6533.36,6543.08
2021-02-08T16:00:00Z,6543.04,6543.77,6530.73,6533.92
2021-02-09T08:00:00Z,6523.53,6537.77,6501.02,6534
2021-02-09T09:00:00Z,6534.04,6534.08,6507.44,6517.77
2021-02-09T10:00:00Z,6517.85,6523.45,6515.41,6519.36
2021-02-09T11:00:00Z,6519.4,6525.05,6510.31,6525.05
2021-02-09T12:00:00Z,6525.07,6528.85,6522.28,6526.21
2021-02-09T13:00:00Z,6526.24,6535.72,6518.51,6534.38
2021-02-09T14:00:00Z,6534.42,6536.35,6521.19,6528.48
2021-02-09T15:00:00Z,6528.52,6540.97,6525.51,6536.43
2021-02-09T16:00:00Z,6536.46,6537.46,6527.77,6531.97
2021-02-10T08:00:00Z,6531.56,6577,6530.37,6543.84
2021-02-10T09:00:00Z,6543.68,6549.85,6534.24,6549.33
2021-02-10T10:00:00Z,6549.34,6550.24,6535.37,6548.88
2021-02-10T11:00:00Z,6548.83,6560.76,6546.62,6546.76
2021-02-10T12:00:00Z,6546.74,6550.97,6532.46,6534.02
2021-02-10T13:00:00Z,6534.05,6549.72,6532.92,6545.76
2021-02-10T14:00:00Z,6545.72,6555.13,6543.26,6550.59
2021-02-10T15:00:00Z,6550.68,6553.98,6481.02,6531.11
2021-02-10T16:00:00Z,6531.1,6536.66,6517.09,6518.15
2021-02-11T08:00:00Z,6524.36,6554.15,6522.75,6550.19
2021-02-11T09:00:00Z,6550.18,6550.28,6530.84,6533.47
2021-02-11T10:00:00Z,6533.48,6541.26,6525.25,6537.71
2021-02-11T11:00:00Z,6537.79,6538.32,6529.08,6531.5
2021-02-11T12:00:00Z,6531.49,6534.51,6523.73,6525.14
2021-02-11T13:00:00Z,6525.17,6527.54,6520.45,6523.19
2021-02-11T14:00:00Z,6523.2,6530.47,6515.53,6515.53
2021-02-11T15:00:00Z,6515.39,6535.43,6514.92,6530.8
2021-02-11T16:00:00Z,6530.81,6533.02,6524.42,6528.41
2021-02-12T08:00:00Z,6528.72,6531.03,6485.13,6504.63
2021-02-12T09:00:00Z,6504.53,6535.31,6503.98,6530.27
2021-02-12T10:00:00Z,6530.23,6532.42,6525.34,6531.77
2021-02-12T11:00:00Z,6531.8,6540.66,6525.91,6540.66
2021-02-12T12:00:00Z,6540.67,6543.15,6531.52,6533.28
2021-02-12T13:00:00Z,6533.26,6542.79,6533.24,6537.53
2021-02-12T14:00:00Z,6537.54,6561.02,6536.25,6559.34
2021-02-12T15:00:00Z,6559.29,6577.29,6557.87,6566.84
2021-02-12T16:00:00Z,6566.7,6583.78,6566.39,6583.58
2021-02-15T08:00:00Z,6589.79,6673.67,6589.79,6673.67
2021-02-15T09:00:00Z,6673.56,6684.96,6668.66,6681.49
2021-02-15T10:00:00Z,6681.48,6692.69,6673.71,6679.81
2021-02-15T11:00:00Z,6679.79,6709.49,6678.58,6709.42
2021-02-15T12:00:00Z,6709.43,6709.62,6696.13,6706.12
2021-02-15T13:00:00Z,6706.09,6726.49,6705.01,6724.56
2021-02-15T14:00:00Z,6724.46,6749.85,6721.71,6739.18
2021-02-15T15:00:00Z,6739.17,6766.21,6736.52,6766.14
2021-02-15T16:00:00Z,6766.16,6775.37,6755.55,6762.75
2021-02-16T08:00:00Z,6756.11,6799.23,6756.11,6792.09
2021-02-16T09:00:00Z,6792.13,6799.92,6768.54,6774.84
2021-02-16T10:00:00Z,6774.85,6783.36,6754.44,6754.57
2021-02-16T11:00:00Z,6754.58,6766.67,6738.71,6762.3
2021-02-16T12:00:00Z,6762.17,6776.55,6756.04,6768.5
2021-02-16T13:00:00Z,6768.49,6772.6,6755.38,6757.51
2021-02-16T14:00:00Z,6757.49,6758.5,6736.85,6752.17
2021-02-16T15:00:00Z,6752.14,6766.95,6738.62,6749.17
2021-02-16T16:00:00Z,6749.2,6756.42,6745.09,6747.59
2021-02-17T08:00:00Z,6748.86,6760.29,6711.95,6737.06
2021-02-17T09:00:00Z,6737.05,6737.93,6712.62,6723.27
2021-02-17T10:00:00Z,6723.18,6736.87,6718.71,6726.76
2021-02-17T11:00:00Z,6726.72,6742.07,6719.83,6742.01
2021-02-17T12:00:00Z,6741.89,6741.89,6732.13,6737.39
2021-02-17T13:00:00Z,6737.37,6746.19,6732.25,6736.94
2021-02-17T14:00:00Z,6737.06,6739.93,6701.59,6724.61
2021-02-17T15:00:00Z,6724.56,6733.19,6705.99,6721.95
2021-02-17T16:00:00Z,6721.99,6722.71,6707.23,6713.19
2021-02-18T08:00:00Z,6710.9,6721.16,6687.47,6721.16
2021-02-18T09:00:00Z,6721.23,6721.76,6683.59,6702.06
2021-02-18T10:00:00Z,6701.96,6706.89,6663.76,6663.9
2021-02-18T11:00:00Z,6663.89,6663.89,6648.63,6656.58
2021-02-18T12:00:00Z,6656.5,6678.1,6653.95,6668.15
2021-02-18T13:00:00Z,6668.11,6669.12,6611.64,6619.27
2021-02-18T14:00:00Z,6619.3,6639.42,6610.17,6626.18
2021-02-18T15:00:00Z,6626.15,6626.9,6591.43,6598.28
2021-02-18T16:00:00Z,6598.29,6621.77,6598.29,6608.55
2021-02-19T08:00:00Z,6617.15,6628.74,6600.59,6619.49
2021-02-19T09:00:00Z,6619.51,6633.66,6609.02,6621.63
2021-02-19T10:00:00Z,6621.62,6628.42,6613.13,6622.18
2021-02-19T11:00:00Z,6622.2,6624.54,6603.23,6616.52
2021-02-19T12:00:00Z,6616.5,6635.35,6614.93,6630.18
2021-02-19T13:00:00Z,6630.17,6639,6626.31,6637.04
2021-02-19T14:00:00Z,6636.95,6642.23,6627.57,6640.56
2021-02-19T15:00:00Z,6640.66,6645.14,6631.83,6643.08
2021-02-19T16:00:00Z,6643.06,6646.16,6638.6,6643.84
2021-02-22T08:00:00Z,6624.02,6624.71,6545.93,6561.68
2021-02-22T09:00:00Z,6561.52,6586.9,6548.63,6570.56
2021-02-22T10:00:00Z,6570.69,6588.48,6566.61,6586.16
2021-02-22T11:00:00Z,6586.23,6594.59,6576.65,6593.26
2021-02-22T12:00:00Z,6593.28,6594.71,6572.38,6576.75
2021-02-22T13:00:00Z,6576.79,6598.22,6576.24,6592.72
2021-02-22T14:00:00Z,6592.69,6603.52,6580.16,6591.95
2021-02-22T15:00:00Z,6591.93,6619.05,6590.45,6613.67
2021-02-22T16:00:00Z,6613.46,6622.31,6610.24,6620.75
2021-02-23T08:00:00Z,6612.24,6675.42,6612.06,6625.56
2021-02-23T09:00:00Z,6625.28,6625.54,6593.22,6598.39
2021-02-23T10:00:00Z,6598.38,6601.83,6555.88,6583.73
2021-02-23T11:00:00Z,6583.72,6595.3,6574.47,6588.05
2021-02-23T12:00:00Z,6588.03,6610.85,6587.66,6609.19
2021-02-23T13:00:00Z,6609.16,6612.84,6601.24,6606.46
2021-02-23T14:00:00Z,6606.24,6609.24,6556.49,6587.77
2021-02-23T15:00:00Z,6588.04,6629.55,6582.65,6618.34
2021-02-23T16:00:00Z,6618.31,6629.38,6610.8,6617.6
2021-02-24T08:00:00Z,6625.94,6626.83,6572.28,6590.75
2021-02-24T09:00:00Z,6590.83,6619.81,6583.38,6615.74
2021-02-24T10:00:00Z,6615.71,6638.85,6611.61,6611.72
2021-02-24T11:00:00Z,6611.68,6634.27,6607.98,6631.12
2021-02-24T12:00:00Z,6631.14,6651.18,6630.65,6641.38
2021-02-24T13:00:00Z,6641.39,6644.24,6600.78,6603.96
2021-02-24T14:00:00Z,6603.91,6623.83,6601.7,6606.18
2021-02-24T15:00:00Z,6606.13,6648.31,6604.82,6643.9
2021-02-24T16:00:00Z,6643.94,6669.86,6643.72,6663.37
2021-02-25T08:00:00Z,6658.97,6695.41,6657.74,6674.46
2021-02-25T09:00:00Z,6674.44,6691.05,6667.79,6684.19
2021-02-25T10:00:00Z,6684.18,6702.88,6683.78,6690.49
2021-02-25T11:00:00Z,6690.48,6693.66,6672.89,6682.76
2021-02-25T12:00:00Z,6682.8,6688.8,6675.51,6678.75
2021-02-25T13:00:00Z,6678.72,6688.9,6673.11,6685.3
2021-02-25T14:00:00Z,6685.26,6685.69,6671.18,6677.05
2021-02-25T15:00:00Z,6677.04,6684.37,6644.68,6663.72
2021-02-25T16:00:00Z,6663.65,6670.62,6650.72,6655.63
2021-02-26T08:00:00Z,6651.96,6651.96,6566.65,6637.59
2021-02-26T09:00:00Z,6637.49,6647.03,6618.9,6627.03
2021-02-26T10:00:00Z,6626.98,6632.46,6607.54,6607.68
2021-02-26T11:00:00Z,6607.72,6611.52,6545.59,6545.63
2021-02-26T12:00:00Z,6545.65,6562.54,6526.96,6529.06
2021-02-26T13:00:00Z,6529.04,6547.03,6521.13,6546.95
2021-02-26T14:00:00Z,6546.96,6551.41,6518.41,6523.2
2021-02-26T15:00:00Z,6523.18,6526.13,6468.68,6488.31
2021-02-26T16:00:00Z,6488.37,6514.78,6465.57,6468.66
2021-03-01T08:00:00Z,6483.43,6612.74,6483.43,6603.46
2021-03-01T09:00:00Z,6603.41,6610.45,6593.47,6597.51
2021-03-01T10:00:00Z,6597.61,6598.14,6583.6,6586.85
2021-03-01T11:00:00Z,6586.81,6587.4,6549.88,6556.1
2021-03-01T12:00:00Z,6556.25,6575.31,6554.06,6573.74
2021-03-01T13:00:00Z,6573.76,6579.58,6557.27,6557.37
2021-03-01T14:00:00Z,6557.36,6574.75,6555.44,6567.34
2021-03-01T15:00:00Z,6567.94,6594.23,6567.17,6592.19
2021-03-01T16:00:00Z,6592.18,6594.76,6578.09,6581.7
2021-03-02T08:00:00Z,6588.53,6614.52,6560.91,6588.93
2021-03-02T09:00:00Z,6589.01,6614.31,6576.26,6608.85
2021-03-02T10:00:00Z,6608.86,6629.71,6608.65,6627.67
2021-03-02T11:00:00Z,6627.62,6643.19,6616.82,6616.83
2021-03-02T12:00:00Z,6616.85,6640.3,6616.77,6637.61
2021-03-02T13:00:00Z,6637.65,6637.65,6618.19,6627.92
2021-03-02T14:00:00Z,6628.03,6651.66,6624.56,6643.02
2021-03-02T15:00:00Z,6642.95,6660.82,6632.74,6634.43
2021-03-02T16:00:00Z,6634.42,6636.68,6620.84,6626.66
2021-03-03T08:00:00Z,6613.75,6698.66,6613.75,6694.87
2021-03-03T09:00:00Z,6694.85,6705.3,6687.04,6692.71
2021-03-03T10:00:00Z,6692.74,6693.5,6675.82,6680.61
2021-03-03T11:00:00Z,6680.64,6681.12,6671.64,6674.7
2021-03-03T12:00:00Z,6674.74,6675.71,6660.67,6662.37
2021-03-03T13:00:00Z,6662.38,6663.78,6617.53,6638.65
2021-03-03T14:00:00Z,6638.69,6649.73,6628.7,6628.7
2021-03-03T15:00:00Z,6628.64,6656.63,6620.56,6652.03
2021-03-03T16:00:00Z,6652.04,6670.15,6651.31,6668.43
2021-03-04T08:00:00Z,6675.47,6675.47,6621.44,6628.42
2021-03-04T09:00:00Z,6628.46,6630.7,6596.24,6613.11
2021-03-04T10:00:00Z,6613.16,6616.58,6581.19,6606.07
2021-03-04T11:00:00Z,6606.02,6611.98,6594.85,6605.5
2021-03-04T12:00:00Z,6605.52,6629.45,6605.29,6629.16
2021-03-04T13:00:00Z,6629.24,6657.98,6627.47,6649.8
2021-03-04T14:00:00Z,6649.98,6653.49,6625.73,6633.53
2021-03-04T15:00:00Z,6633.4,6652.86,6614.61,6650.37
2021-03-04T16:00:00Z,6650.43,6660.47,6643.83,6649.26
2021-03-05T08:00:00Z,6650.88,6650.88,6560.79,6594.77
2021-03-05T09:00:00Z,6594.72,6637.3,6590.16,6636.77
2021-03-05T10:00:00Z,6636.81,6667.06,6634.41,6659.03
2021-03-05T11:00:00Z,6659.07,6684.03,6658.89,6673.75
2021-03-05T12:00:00Z,6673.74,6682.87,6667.86,6671.04
2021-03-05T13:00:00Z,6671.17,6708.32,6646.23,6694.79
2021-03-05T14:00:00Z,6694.74,6710.8,6681.85,6695.41
2021-03-05T15:00:00Z,6695.39,6710.39,6656.48,6657.12
2021-03-05T16:00:00Z,6657.17,6663.85,6623.57,6625.79
2021-03-08T08:00:00Z,6630.52,6682.77,6630.52,6672.98
2021-03-08T09:00:00Z,6672.99,6674.07,6612.74,6619.8
2021-03-08T10:00:00Z,6619.77,6635.42,6614.96,6632.82
2021-03-08T11:00:00Z,6632.87,6660.06,6631.91,6656.35
2021-03-08T12:00:00Z,6656.39,6660.56,6625.87,6630.11
2021-03-08T13:00:00Z,6630.16,6641.89,6618,6639.08
2021-03-08T14:00:00Z,6638.92,6687.5,6634.46,6671.91
2021-03-08T15:00:00Z,6672.1,6719.47,6664.71,6711.65
2021-03-08T16:00:00Z,6711.57,6726.4,6709.02,6725.72
2021-03-09T08:00:00Z,6719.13,6731.79,6689.9,6728.51
2021-03-09T09:00:00Z,6728.54,6746.07,6725.04,6742.95
2021-03-09T10:00:00Z,6742.96,6760.93,6742.83,6754.21
2021-03-09T11:00:00Z,6754.18,6786.8,6753.46,6768.13
2021-03-09T12:00:00Z,6768.05,6768.48,6737.72,6740.67
2021-03-09T13:00:00Z,6740.66,6744.62,6730.34,6740.16
2021-03-09T14:00:00Z,6740.32,6745.55,6713.41,6713.79
2021-03-09T15:00:00Z,6713.8,6737.14,6704.6,6734.85
2021-03-09T16:00:00Z,6734.81,6744.81,6733.5,6740.37
2021-03-10T08:00:00Z,6730.34,6730.34,6677.02,6721.3
2021-03-10T09:00:00Z,6721.14,6735.18,6709.83,6714.59
2021-03-10T10:00:00Z,6714.66,6732.39,6713.33,6720.87
2021-03-10T11:00:00Z,6720.88,6727.13,6704.15,6717.33
2021-03-10T12:00:00Z,6717.42,6727.4,6713.4,6720.95
2021-03-10T13:00:00Z,6720.89,6727.89,6712.2,6722.82
2021-03-10T14:00:00Z,6723.15,6740.77,6721.36,6734.89
2021-03-10T15:00:00Z,6734.8,6738.39,6719.66,6728.65
2021-03-10T16:00:00Z,6728.62,6733.48,6723.65,6730.22
2021-03-11T08:00:00Z,6725.6,6755.32,6725.6,6733.21
2021-03-11T09:00:00Z,6733.2,6742.71,6727.18,6730.25
2021-03-11T10:00:00Z,6730.15,6732.25,6703.73,6712.43
2021-03-11T11:00:00Z,6712.45,6714.07,6699.34,6703.97
2021-03-11T12:00:00Z,6704.03,6730.09,6700.88,6721.92
2021-03-11T13:00:00Z,6721.93,6730.53,6720.97,6727.63
2021-03-11T14:00:00Z,6727.66,6735.96,6718.41,6732.99
2021-03-11T15:00:00Z,6733.16,6742.98,6726.9,6740.32
2021-03-11T16:00:00Z,6740.36,6740.55,6729.76,6733.55
2021-03-12T08:00:00Z,6736.96,6742.01,6709,6711.91
2021-03-12T09:00:00Z,6711.97,6729.45,6709.69,6722.51
2021-03-12T10:00:00Z,6722.45,6723.96,6711.53,6719.78
2021-03-12T11:00:00Z,6719.8,6730.16,6712.84,6727.82
2021-03-12T12:00:00Z,6727.94,6741.23,6726.52,6740.14
2021-03-12T13:00:00Z,6740.16,6747.3,6735.99,6735.99
2021-03-12T14:00:00Z,6735.98,6764.66,6735.8,6764.66
2021-03-12T15:00:00Z,6764.7,6766.44,6743.03,6755.69
2021-03-12T16:00:00Z,6755.68,6763.14,6752.19,6761.19
2021-03-15T08:00:00Z,6761.47,6804.91,6761.19,6787.99
2021-03-15T09:00:00Z,6788.08,6793.56,6784.6,6790.1
2021-03-15T10:00:00Z,6790.11,6790.36,6779.76,6783.9
2021-03-15T11:00:00Z,6783.8,6789.96,6775.83,6777.06
2021-03-15T12:00:00Z,6777.09,6777.73,6759.61,6768.6
2021-03-15T13:00:00Z,6768.47,6775.26,6751.77,6754.1
2021-03-15T14:00:00Z,6754.11,6755.13,6739.29,6742.53
2021-03-15T15:00:00Z,6742.43,6749.06,6723.67,6738.58
2021-03-15T16:00:00Z,6738.56,6748.37,6736.88,6748.16
2021-03-16T08:00:00Z,6749.7,6794.25,6749.64,6784.05
2021-03-16T09:00:00Z,6784.06,6798.6,6779.32,6781.77
2021-03-16T10:00:00Z,6781.71,6787.65,6780.54,6784.35
2021-03-16T11:00:00Z,6784.43,6812.03,6784.35,6811.64
2021-03-16T12:00:00Z,6811.65,6812.78,6794.71,6795.55
2021-03-16T13:00:00Z,6795.54,6802.99,6788.11,6789.68
2021-03-16T14:00:00Z,6789.73,6790.02,6774.13,6780.25
2021-03-16T15:00:00Z,6780.38,6796.75,6776.66,6795.06
2021-03-16T16:00:00Z,6795.02,6802.87,6792.33,6802.48
2021-03-17T08:00:00Z,6803.61,6805.73,6773.55,6783.41
2021-03-17T09:00:00Z,6783.4,6788.6,6771.61,6784.35
2021-03-17T10:00:00Z,6784.37,6787,6776.58,6781.44
2021-03-17T11:00:00Z,6781.35,6784.93,6763.44,6766.73
2021-03-17T12:00:00Z,6766.74,6773.37,6762.3,6769.84
2021-03-17T13:00:00Z,6769.78,6786.78,6759.86,6777.65
2021-03-17T14:00:00Z,6777.61,6778.99,6753.82,6762.61
2021-03-17T15:00:00Z,6762.63,6773.38,6760.84,6768.7
2021-03-17T16:00:00Z,6768.69,6775.06,6766.11,6772.71
2021-03-18T08:00:00Z,6762.67,6779.88,6740.53,6749.76
2021-03-18T09:00:00Z,6749.81,6767.65,6746.75,6766.95
2021-03-18T10:00:00Z,6766.98,6773.38,6762.54,6762.59
2021-03-18T11:00:00Z,6762.67,6764.9,6742.14,6746.38
2021-03-18T12:00:00Z,6746.37,6758.23,6741.74,6750.83
2021-03-18T13:00:00Z,6750.92,6783.85,6744.18,6783.4
2021-03-18T14:00:00Z,6783.38,6788.56,6762.9,6768.08
2021-03-18T15:00:00Z,6768.2,6791.76,6766.36,6789.5
2021-03-18T16:00:00Z,6789.43,6789.76,6781.02,6782.5
2021-03-19T08:00:00Z,6779.68,6779.68,6693.73,6737.33
2021-03-19T09:00:00Z,6737.4,6750.69,6736.24,6750.6
2021-03-19T10:00:00Z,6750.63,6754.91,6711.42,6738.13
2021-03-19T11:00:00Z,6738.15,6740.14,6710.15,6713.16
2021-03-19T12:00:00Z,6713.17,6725.2,6706.77,6715.45
2021-03-19T13:00:00Z,6715.21,6717.27,6664.56,6684.6
2021-03-19T14:00:00Z,6684.62,6725.11,6672.52,6723.35
2021-03-19T15:00:00Z,6723.37,6725.97,6706.11,6724.79
2021-03-19T16:00:00Z,6724.77,6729.35,6720.39,6720.39
2021-03-22T08:00:00Z,6708.71,6709.14,6650.96,6687.41
2021-03-22T09:00:00Z,6687.42,6709.23,6673.23,6705.1
2021-03-22T10:00:00Z,6705.16,6715.15,6697.35,6711.05
2021-03-22T11:00:00Z,6711.1,6720.95,6710.55,6720.92
2021-03-22T12:00:00Z,6720.91,6723.66,6711.89,6720.54
2021-03-22T13:00:00Z,6720.52,6729.99,6711.33,6719.98
2021-03-22T14:00:00Z,6719.99,6732.67,6713.55,6725.63
2021-03-22T15:00:00Z,6725.64,6731.66,6708.98,6727.69
2021-03-22T16:00:00Z,6727.7,6729.53,6722.15,6729.14
2021-03-23T08:00:00Z,6726.1,6726.1,6664.76,6717.39
2021-03-23T09:00:00Z,6717.33,6719.94,6698.13,6710.17
2021-03-23T10:00:00Z,6710.22,6711.25,6690.69,6701.26
2021-03-23T11:00:00Z,6701.27,6716.41,6697.05,6709.83
2021-03-23T12:00:00Z,6709.79,6719.92,6707.22,6715.97
2021-03-23T13:00:00Z,6715.95,6719.59,6703.86,6718.86
2021-03-23T14:00:00Z,6718.87,6719.49,6691.83,6700.09
2021-03-23T15:00:00Z,6700.1,6714.83,6694.41,6708.73
2021-03-23T16:00:00Z,6708.74,6709.91,6702.81,6703.93
2021-03-24T08:00:00Z,6699.19,6699.19,6649.37,6689.3
2021-03-24T09:00:00Z,6689.29,6694.4,6679.26,6683.55
2021-03-24T10:00:00Z,6683.59,6691.15,6675.12,6681.31
2021-03-24T11:00:00Z,6681.35,6693.84,6680.38,6680.84
2021-03-24T12:00:00Z,6680.83,6687.72,6676.46,6681.37
2021-03-24T13:00:00Z,6681.39,6708.53,6679.71,6692.64
2021-03-24T14:00:00Z,6692.65,6709.75,6692.65,6707.25
2021-03-24T15:00:00Z,6707.27,6716.65,6705.23,6711.76
2021-03-24T16:00:00Z,6711.73,6722.61,6711.72,6718.33
2021-03-25T08:00:00Z,6712.89,6729.92,6676.82,6716
2021-03-25T09:00:00Z,6715.99,6716.7,6692.41,6700.45
2021-03-25T10:00:00Z,6700.46,6708.95,6689.8,6701.36
2021-03-25T11:00:00Z,6701.31,6702.16,6632.57,6642.62
2021-03-25T12:00:00Z,6642.66,6643.91,6618.61,6639.18
2021-03-25T13:00:00Z,6639.08,6649.59,6632.75,6644.81
2021-03-25T14:00:00Z,6644.85,6658.33,6628.78,6639.61
2021-03-25T15:00:00Z,6639.6,6666.09,6628.49,6665.55
2021-03-25T16:00:00Z,6665.51,6674.69,6663.2,6674.57
2021-03-26T08:00:00Z,6674.83,6735.81,6674.83,6716.41
2021-03-26T09:00:00Z,6716.34,6720.78,6709.96,6715.12
2021-03-26T10:00:00Z,6715.09,6722.21,6708.49,6720.41
2021-03-26T11:00:00Z,6720.47,6726.98,6718.71,6726.5
2021-03-26T12:00:00Z,6726.45,6726.45,6714.94,6716.95
2021-03-26T13:00:00Z,6716.93,6736.94,6710.29,6733.63
2021-03-26T14:00:00Z,6733.61,6739.63,6722.97,6727.93
2021-03-26T15:00:00Z,6728.02,6730.93,6718.43,6727.71
2021-03-26T16:00:00Z,6727.65,6742.14,6727.36,6741.89
2021-03-29T07:00:00Z,6740.59,6758.78,6725.33,6725.92
2021-03-29T08:00:00Z,6725.98,6726.31,6705.46,6713.66
2021-03-29T09:00:00Z,6713.64,6733.91,6712.37,6733.88
2021-03-29T10:00:00Z,6733.86,6742.78,6730.35,6736.13
2021-03-29T11:00:00Z,6736.14,6743.7,6728.12,6729.16
2021-03-29T12:00:00Z,6729.19,6729.44,6711.08,6713.61
2021-03-29T13:00:00Z,6713.59,6734.73,6705.42,6733.45
2021-03-29T14:00:00Z,6733.43,6740.4,6726.48,6734.97
2021-03-29T15:00:00Z,6734.99,6745.03,6733.35,6742.41
2021-03-30T07:00:00Z,6736.17,6792.23,6736.17,6779.02
2021-03-30T08:00:00Z,6778.94,6787.37,6765.33,6766.83
2021-03-30T09:00:00Z,6766.84,6766.86,6756.45,6761.35
2021-03-30T10:00:00Z,6761.39,6768.08,6756.66,6760.11
2021-03-30T11:00:00Z,6760.15,6760.34,6740.83,6746.45
2021-03-30T12:00:00Z,6746.47,6747.6,6729.46,6740.99
2021-03-30T13:00:00Z,6740.95,6762.33,6735.97,6762.3
2021-03-30T14:00:00Z,6762.39,6782.46,6762.38,6771.29
2021-03-30T15:00:00Z,6771.31,6782.81,6770.33,6780.94
2021-03-31T07:00:00Z,6772.12,6775.67,6745.79,6748.01
2021-03-31T08:00:00Z,6748.02,6757.13,6743.56,6751.43
2021-03-31T09:00:00Z,6751.41,6757.64,6744.56,6746.14
2021-03-31T10:00:00Z,6746.12,6757.51,6745.81,6754.81
2021-03-31T11:00:00Z,6754.99,6767.88,6754.15,6767.5
2021-03-31T12:00:00Z,6767.52,6772.61,6753.42,6756.1
2021-03-31T13:00:00Z,6756.14,6756.17,6735.42,6748.05
2021-03-31T14:00:00Z,6748.02,6750.61,6719.47,6720.48
2021-03-31T15:00:00Z,6720.47,6740.6,6715.34,6727.5
2021-04-01T07:00:00Z,6713.63,6761.94,6713.63,6758.67
2021-04-01T08:00:00Z,6758.68,6761.11,6748.72,6758.28
2021-04-01T09:00:00Z,6758.27,6766.52,6752.4,6763.88
2021-04-01T10:00:00Z,6763.91,6765.58,6741.03,6742
2021-04-01T11:00:00Z,6741.99,6748.68,6740.73,6742.02
2021-04-01T12:00:00Z,6742.03,6749.36,6742.03,6746
2021-04-01T13:00:00Z,6745.99,6755.36,6729.04,6732.42
2021-04-01T14:00:00Z,6732.45,6747.35,6730.05,6736.34
2021-04-01T15:00:00Z,6736.29,6743.4,6734.68,6740.79
2021-04-06T07:00:00Z,6737.3,6829.19,6737.3,6810.96
2021-04-06T08:00:00Z,6810.98,6834.46,6800.11,6828.89
2021-04-06T09:00:00Z,6828.85,6828.88,6812.93,6821.37
2021-04-06T10:00:00Z,6821.38,6828.16,6811.79,6821.02
2021-04-06T11:00:00Z,6820.99,6825.27,6815.47,6825.27
2021-04-06T12:00:00Z,6825.15,6825.15,6812.34,6816.34
2021-04-06T13:00:00Z,6816.38,6840.03,6813.67,6840.03
2021-04-06T14:00:00Z,6840.04,6843.73,6829.36,6838.61
2021-04-06T15:00:00Z,6838.5,6838.5,6817.54,6823.42
2021-04-07T07:00:00Z,6823.55,6887.73,6823.55,6884.81
2021-04-07T08:00:00Z,6884.85,6887.39,6870.85,6877.79
2021-04-07T09:00:00Z,6877.78,6883.46,6862.78,6865.49
2021-04-07T10:00:00Z,6865.41,6878.23,6864.72,6878.07
2021-04-07T11:00:00Z,6878.05,6879.37,6861.86,6861.86
2021-04-07T12:00:00Z,6861.88,6875.43,6861.75,6874.43
2021-04-07T13:00:00Z,6874.4,6898.38,6873.33,6888.42
2021-04-07T14:00:00Z,6888.43,6896.61,6883.17,6892.36
2021-04-07T15:00:00Z,6892.29,6895.01,6887.18,6891.5
2021-04-08T07:00:00Z,6885.32,6926.68,6884.79,6907.44
2021-04-08T08:00:00Z,6907.41,6910.86,6888.71,6899.16
2021-04-08T09:00:00Z,6899.17,6903.28,6892.76,6901.66
2021-04-08T10:00:00Z,6901.67,6912.11,6898.26,6907.61
2021-04-08T11:00:00Z,6907.59,6917.32,6907.54,6915.67
2021-04-08T12:00:00Z,6915.61,6921.15,6910.5,6914.55
2021-04-08T13:00:00Z,6914.59,6924.75,6903.5,6915.83
2021-04-08T14:00:00Z,6915.78,6924.33,6906.31,6921.05
2021-04-08T15:00:00Z,6920.95,6936.34,6918.86,6935.06
2021-04-09T07:00:00Z,6942.22,6949.56,6918.97,6928.25
2021-04-09T08:00:00Z,6928.26,6928.26,6906.37,6924.13
2021-04-09T09:00:00Z,6924.03,6931.36,6918.1,6931.36
2021-04-09T10:00:00Z,6931.43,6939.71,6930.26,6933.68
2021-04-09T11:00:00Z,6933.67,6940.78,6932.16,6936.69
2021-04-09T12:00:00Z,6936.75,6937.3,6922.53,6929.51
2021-04-09T13:00:00Z,6929.35,6929.35,6916,6921.54
2021-04-09T14:00:00Z,6921.56,6923.08,6912.61,6915.46
2021-04-09T15:00:00Z,6915.41,6924.03,6913.47,6920.15
2021-04-12T07:00:00Z,6915.75,6916.08,6866.72,6868.72
2021-04-12T08:00:00Z,6868.73,6880.66,6853.75,6878.42
2021-04-12T09:00:00Z,6878.46,6896.82,6874.51,6896.53
2021-04-12T10:00:00Z,6896.52,6899.33,6889.25,6889.35
2021-04-12T11:00:00Z,6889.37,6897.57,6885.69,6894.27
2021-04-12T12:00:00Z,6894.28,6901.59,6892.64,6897.7
2021-04-12T13:00:00Z,6897.72,6908.79,6893.04,6902.93
2021-04-12T14:00:00Z,6902.76,6907.37,6891.22,6891.22
2021-04-12T15:00:00Z,6891.16,6896.49,6884.07,6895.36
2021-04-13T07:00:00Z,6889.12,6892.61,6875.34,6887.85
2021-04-13T08:00:00Z,6887.9,6895.12,6882.06,6884.14
2021-04-13T09:00:00Z,6884.15,6887.25,6879.78,6883.78
2021-04-13T10:00:00Z,6883.79,6890.22,6878.82,6879.93
2021-04-13T11:00:00Z,6879.88,6882.85,6859.72,6873.43
2021-04-13T12:00:00Z,6873.45,6887.12,6873.12,6887.01
2021-04-13T13:00:00Z,6886.97,6888.79,6872.34,6882.36
2021-04-13T14:00:00Z,6882.4,6895.13,6881.28,6884.62
2021-04-13T15:00:00Z,6884.63,6894.45,6884.63,6894.31
2021-04-14T07:00:00Z,6890.49,6900.1,6880.67,6894.7
2021-04-14T08:00:00Z,6894.65,6904.57,6894.24,6902.69
2021-04-14T09:00:00Z,6902.59,6911.81,6901.69,6911.79
2021-04-14T10:00:00Z,6911.82,6912.74,6897.81,6908.57
2021-04-14T11:00:00Z,6908.55,6920.27,6905.21,6917.33
2021-04-14T12:00:00Z,6917.37,6919,6907.61,6908.96
2021-04-14T13:00:00Z,6908.93,6925.4,6907.75,6923.3
2021-04-14T14:00:00Z,6923.33,6940.97,6921.24,6933.57
2021-04-14T15:00:00Z,6933.6,6942.33,6931.9,6938.98
2021-04-15T07:00:00Z,6939.58,6969.4,6939.26,6967.03
2021-04-15T08:00:00Z,6967.06,6982.42,6967.06,6973.58
2021-04-15T09:00:00Z,6973.6,6974.53,6954.65,6958.54
2021-04-15T10:00:00Z,6958.56,6979.45,6958.47,6976.23
2021-04-15T11:00:00Z,6976.18,6976.21,6953.35,6972.9
2021-04-15T12:00:00Z,6972.92,6984.28,6969.68,6983.36
2021-04-15T13:00:00Z,6983.38,6987.54,6970.93,6987.52
2021-04-15T14:00:00Z,6987.68,6994.9,6983.77,6991.82
2021-04-15T15:00:00Z,6991.69,6994.48,6986,6990.83
2021-04-16T07:00:00Z,6983.5,7024.17,6983.5,7001.13
2021-04-16T08:00:00Z,7001.31,7016.43,6997.72,7015.62
2021-04-16T09:00:00Z,7015.66,7037.65,7012.28,7030.24
2021-04-16T10:00:00Z,7030.14,7035.49,7015.99,7016.08
2021-04-16T11:00:00Z,7016.06,7021.35,7012.39,7020.56
2021-04-16T12:00:00Z,7020.52,7025.81,7018.42,7025.77
2021-04-16T13:00:00Z,7025.81,7025.83,7006.76,7007.62
2021-04-16T14:00:00Z,7007.66,7018.62,7005.47,7011.89
2021-04-16T15:00:00Z,7011.94,7018.09,7011.8,7012.17
2021-04-19T07:00:00Z,7019.53,7033.76,7011.44,7026.46
2021-04-19T08:00:00Z,7026.48,7040.26,7026.35,7035.51
2021-04-19T09:00:00Z,7035.52,7035.59,7018.16,7026.88
2021-04-19T10:00:00Z,7026.9,7038.02,7026.27,7031.89
2021-04-19T11:00:00Z,7031.81,7039.48,7018.1,7018.45
2021-04-19T12:00:00Z,7018.47,7021,7007.45,7014.76
2021-04-19T13:00:00Z,7014.77,7017.39,7001.23,7010.19
2021-04-19T14:00:00Z,7010.15,7010.15,6979.23,6988.54
2021-04-19T15:00:00Z,6988.51,7005.23,6983.3,7003.44
2021-04-20T07:00:00Z,7000.08,7001.27,6972.92,6977.21
2021-04-20T08:00:00Z,6977.25,6977.26,6959.78,6964.76
2021-04-20T09:00:00Z,6964.81,6965.23,6933.57,6940.59
2021-04-20T10:00:00Z,6940.54,6941.29,6923.24,6928.92
2021-04-20T11:00:00Z,6928.93,6929.88,6907.73,6923.67
2021-04-20T12:00:00Z,6923.7,6924.76,6913.76,6918.37
2021-04-20T13:00:00Z,6918.39,6927.4,6898.98,6907.95
2021-04-20T14:00:00Z,6907.79,6911.24,6857.42,6869.38
2021-04-20T15:00:00Z,6869.34,6876.08,6857.07,6858.47
2021-04-21T07:00:00Z,6859.87,6908.01,6859.61,6905.01
2021-04-21T08:00:00Z,6905.1,6907.2,6879.18,6880.75
2021-04-21T09:00:00Z,6880.76,6885.23,6871.63,6871.68
2021-04-21T10:00:00Z,6871.63,6898.33,6863.9,6898.33
2021-04-21T11:00:00Z,6898.44,6900.12,6882.67,6883.36
2021-04-21T12:00:00Z,6883.37,6883.89,6864.82,6866.08
2021-04-21T13:00:00Z,6866.1,6898.89,6863.82,6896.72
2021-04-21T14:00:00Z,6896.6,6912.08,6896.38,6909.06
2021-04-21T15:00:00Z,6909.04,6914.88,6896.64,6905.42
2021-04-22T07:00:00Z,6895.29,6917.75,6889.32,6907.97
2021-04-22T08:00:00Z,6907.95,6921.66,6905.11,6905.95
2021-04-22T09:00:00Z,6905.85,6913.75,6904.05,6908.39
2021-04-22T10:00:00Z,6908.4,6911.83,6896.79,6901.45
2021-04-22T11:00:00Z,6901.42,6906.49,6896.94,6902.23
2021-04-22T12:00:00Z,6902.3,6923.44,6902.14,6913.26
2021-04-22T13:00:00Z,6913.22,6922.17,6904.35,6915.67
2021-04-22T14:00:00Z,6915.65,6930.5,6907.38,6923.96
2021-04-22T15:00:00Z,6923.97,6941.11,6923.32,6938.52
2021-04-23T07:00:00Z,6938.24,6938.24,6907.28,6931.33
2021-04-23T08:00:00Z,6931.32,6931.49,6917.7,6919.61
2021-04-23T09:00:00Z,6919.63,6923.13,6906.78,6907.02
2021-04-23T10:00:00Z,6906.78,6912.62,6898.33,6907.23
2021-04-23T11:00:00Z,6907.3,6908.9,6897.26,6900.12
2021-04-23T12:00:00Z,6900.09,6906.57,6891.75,6893.42
2021-04-23T13:00:00Z,6893.45,6912.02,6893.14,6910.92
2021-04-23T14:00:00Z,6910.87,6931.65,6909.7,6929.65
2021-04-23T15:00:00Z,6929.62,6937.27,6928.63,6934.03
2021-04-26T07:00:00Z,6938.56,6954.17,6913.39,6951.87
2021-04-26T08:00:00Z,6951.91,6954.4,6924.31,6935.7
2021-04-26T09:00:00Z,6935.69,6940.91,6931.1,6935.18
2021-04-26T10:00:00Z,6935.22,6941.14,6925.9,6937.52
2021-04-26T11:00:00Z,6937.56,6953.18,6937.19,6952.55
2021-04-26T12:00:00Z,6952.63,6963.56,6950.1,6960.79
2021-04-26T13:00:00Z,6960.8,6965.58,6957.09,6961.61
2021-04-26T14:00:00Z,6961.68,6969.86,6957.14,6965.15
2021-04-26T15:00:00Z,6965.18,6971.52,6964.93,6967.53
2021-04-27T07:00:00Z,6963.12,6975.07,6957.47,6959.14
2021-04-27T08:00:00Z,6959.17,6969.47,6956.43,6959.35
2021-04-27T09:00:00Z,6959.46,6963.68,6940.93,6947.03
2021-04-27T10:00:00Z,6947.01,6960.64,6945.54,6949.28
2021-04-27T11:00:00Z,6949.25,6957.15,6943.51,6946.46
2021-04-27T12:00:00Z,6946.41,6952.95,6945.62,6945.82
2021-04-27T13:00:00Z,6945.83,6954.57,6935.57,6952.46
2021-04-27T14:00:00Z,6952.27,6953.98,6935.8,6937.55
2021-04-27T15:00:00Z,6937.56,6943.77,6929.77,6931.26
2021-04-28T07:00:00Z,6944.97,6976.69,6944.06,6970.68
2021-04-28T08:00:00Z,6970.69,6971.08,6954.79,6960.83
2021-04-28T09:00:00Z,6960.76,6961.83,6954.77,6957.66
2021-04-28T10:00:00Z,6957.69,6983.27,6955.73,6982.77
2021-04-28T11:00:00Z,6982.74,6986.17,6973.97,6976.2
2021-04-28T12:00:00Z,6976.21,6983.12,6966.94,6972.52
2021-04-28T13:00:00Z,6972.51,6986.7,6965.31,6982.11
2021-04-28T14:00:00Z,6982.08,6982.65,6972.44,6975.24
2021-04-28T15:00:00Z,6975.14,6977.97,6963.15,6968.55
2021-04-29T07:00:00Z,6963.67,7011.31,6963.67,7007.47
2021-04-29T08:00:00Z,7007.45,7019.76,7005.67,7011.58
2021-04-29T09:00:00Z,7011.51,7012.94,7002.72,7010.64
2021-04-29T10:00:00Z,7010.63,7016.09,7004.18,7007.07
2021-04-29T11:00:00Z,7007.06,7016.82,7001.34,7001.39
2021-04-29T12:00:00Z,7001.45,7008.67,6968.22,6999.04
2021-04-29T13:00:00Z,6999.01,7006.74,6985.65,6986.8
2021-04-29T14:00:00Z,6986.45,6986.45,6953.87,6965.56
2021-04-29T15:00:00Z,6965.62,6975.29,6961.23,6961.82
2021-04-30T07:00:00Z,6961.48,6988.02,6956.93,6976.27
2021-04-30T08:00:00Z,6976.33,6982.22,6969.47,6977.98
2021-04-30T09:00:00Z,6978.03,6984.76,6969.56,6972.04
2021-04-30T10:00:00Z,6972,6972.37,6948.72,6953.47
2021-04-30T11:00:00Z,6953.46,6970.63,6946.04,6970.52
2021-04-30T12:00:00Z,6970.56,6990.87,6965.46,6989.19
2021-04-30T13:00:00Z,6989.23,7009.47,6981.48,7004.18
2021-04-30T14:00:00Z,7003.64,7004.97,6985.65,6992.38
2021-04-30T15:00:00Z,6992.3,6992.3,6967.76,6973.18
2021-05-04T07:00:00Z,6969.81,7030.89,6969.81,7012.85
2021-05-04T08:00:00Z,7012.87,7014.21,7001.53,7009.65
2021-05-04T09:00:00Z,7009.61,7015.15,6996.74,7012.13
2021-05-04T10:00:00Z,7012.18,7025.71,7011.7,7025.62
2021-05-04T11:00:00Z,7025.57,7034.26,6981.25,6994.69
2021-05-04T12:00:00Z,6994.63,6997.62,6966.33,6970.44
2021-05-04T13:00:00Z,6970.36,6999.5,6947.04,6950.29
2021-05-04T14:00:00Z,6950.33,6960.96,6929.28,6936.74
2021-05-04T15:00:00Z,6936.73,6941.24,6912.28,6914.87
2021-05-05T07:00:00Z,6923.17,6998.95,6923.17,6994.3
2021-05-05T08:00:00Z,6994.28,7010.07,6989.09,7001.64
2021-05-05T09:00:00Z,7001.55,7008.81,7001.48,7003.97
2021-05-05T10:00:00Z,7004.01,7007.36,6998.18,7005.63
2021-05-05T11:00:00Z,7005.61,7007.08,6999.83,7005.76
2021-05-05T12:00:00Z,7005.77,7012.99,7005.67,7006.19
2021-05-05T13:00:00Z,7006.23,7019.1,7001.85,7018.68
2021-05-05T14:00:00Z,7018.67,7026.98,7003.23,7024.23
2021-05-05T15:00:00Z,7024.12,7047.75,7022.17,7046.16
2021-05-06T07:00:00Z,7039.3,7067.62,7038.4,7046.49
2021-05-06T08:00:00Z,7046.43,7059.2,7040.37,7044.01
2021-05-06T09:00:00Z,7044.03,7051.44,7026.75,7039.67
2021-05-06T10:00:00Z,7039.58,7056.85,7037.83,7046.59
2021-05-06T11:00:00Z,7046.54,7056.88,7042.64,7048.19
2021-05-06T12:00:00Z,7048.21,7050.94,7041.91,7048.3
2021-05-06T13:00:00Z,7048.35,7058.79,7044.7,7048.37
2021-05-06T14:00:00Z,7048.29,7058.74,7036.86,7050.32
2021-05-06T15:00:00Z,7050.35,7067.51,7048.62,7067.51
2021-05-07T07:00:00Z,7076.17,7113.82,7076.17,7099.95
2021-05-07T08:00:00Z,7100,7110.07,7098.28,7107.17
2021-05-07T09:00:00Z,7107.15,7117.85,7107.1,7114.62
2021-05-07T10:00:00Z,7114.61,7133.09,7113.27,7127.53
2021-05-07T11:00:00Z,7127.55,7128.88,7117.75,7121.38
2021-05-07T12:00:00Z,7121.39,7122.18,7097.91,7109.48
2021-05-07T13:00:00Z,7109.46,7138.31,7092.36,7138.31
2021-05-07T14:00:00Z,7138.33,7143.46,7121.45,7130.02
2021-05-07T15:00:00Z,7130.03,7130.37,7122.24,7127.75
2021-05-10T07:00:00Z,7129.71,7164.18,7129.28,7137.43
2021-05-10T08:00:00Z,7137.35,7148.66,7131.54,7131.84
2021-05-10T09:00:00Z,7131.88,7135.46,7127.41,7133.78
2021-05-10T10:00:00Z,7133.71,7143.71,7133.47,7139.29
2021-05-10T11:00:00Z,7139.31,7139.88,7130.92,7134.64
2021-05-10T12:00:00Z,7134.65,7135.87,7109.7,7114.75
2021-05-10T13:00:00Z,7114.77,7133.18,7110.71,7131.85
2021-05-10T14:00:00Z,7131.91,7131.98,7104.4,7113.46
2021-05-10T15:00:00Z,7113.5,7129.82,7111.97,7128.75
2021-05-11T07:00:00Z,7123.68,7123.68,6956.46,6984.32
2021-05-11T08:00:00Z,6984.39,6985.41,6953.14,6972.23
2021-05-11T09:00:00Z,6972.21,6988.17,6969.28,6981.13
2021-05-11T10:00:00Z,6981.19,6982.1,6951.85,6965.66
2021-05-11T11:00:00Z,6965.56,6971.15,6954.49,6956.75
2021-05-11T12:00:00Z,6956.73,6957.53,6921.23,6922.47
2021-05-11T13:00:00Z,6922.54,6974.73,6912.36,6974.73
2021-05-11T14:00:00Z,6974.77,6976.22,6917.74,6929.21
2021-05-11T15:00:00Z,6928.94,6940.79,6919.47,6939.07
2021-05-12T07:00:00Z,6947.99,7002.54,6945.33,6997.51
2021-05-12T08:00:00Z,6997.42,6999.41,6978.48,6987.63
2021-05-12T09:00:00Z,6987.64,6998.49,6977.79,6992.95
2021-05-12T10:00:00Z,6992.99,7008.29,6968.68,6970.4
2021-05-12T11:00:00Z,6970.33,6993.31,6968.19,6990.35
2021-05-12T12:00:00Z,6990.29,7002.65,6954.61,7000.73
2021-05-12T13:00:00Z,7000.77,7021.09,6983.66,7007.89
2021-05-12T14:00:00Z,7007.88,7028.1,7003.58,7019.07
2021-05-12T15:00:00Z,7019,7025.04,7006.09,7009.15
2021-05-13T07:00:00Z,7004.63,7004.63,6863.42,6864.06
2021-05-13T08:00:00Z,6864.04,6864.06,6823.6,6847.82
2021-05-13T09:00:00Z,6847.86,6866.98,6847.86,6859.7
2021-05-13T10:00:00Z,6859.71,6861.18,6852.79,6860.09
2021-05-13T11:00:00Z,6860.06,6893.39,6859.53,6891.03
2021-05-13T12:00:00Z,6891.04,6920.44,6889.86,6909.15
2021-05-13T13:00:00Z,6909.27,6953.07,6909.27,6949.88
2021-05-13T14:00:00Z,6949.74,6981.5,6949.72,6977.13
2021-05-13T15:00:00Z,6977.12,6978.78,6959,6959
2021-05-14T07:00:00Z,6963.33,7019.61,6963.33,7006.72
2021-05-14T08:00:00Z,7006.68,7019.57,7000.63,7010.46
2021-05-14T09:00:00Z,7010.4,7015.46,7000.82,7003.94
2021-05-14T10:00:00Z,7003.95,7014.69,7003.57,7010.26
2021-05-14T11:00:00Z,7010.21,7016.28,7007.4,7016.25
2021-05-14T12:00:00Z,7016.21,7017.38,7008.25,7014.7
2021-05-14T13:00:00Z,7014.61,7030.46,7013.8,7030.46
2021-05-14T14:00:00Z,7030.52,7035.98,7024.98,7030.22
2021-05-14T15:00:00Z,7030.07,7048.67,7027.06,7047.01